-- phpMyAdmin SQL Dump
-- version 5.0.2
-- https://www.phpmyadmin.net/
--
-- Servidor: 127.0.0.1
-- Tiempo de generación: 19-05-2021 a las 04:21:31
-- Versión del servidor: 10.4.14-MariaDB
-- Versión de PHP: 7.4.10

SET SQL_MODE = "NO_AUTO_VALUE_ON_ZERO";
START TRANSACTION;
SET time_zone = "+00:00";


/*!40101 SET @OLD_CHARACTER_SET_CLIENT=@@CHARACTER_SET_CLIENT */;
/*!40101 SET @OLD_CHARACTER_SET_RESULTS=@@CHARACTER_SET_RESULTS */;
/*!40101 SET @OLD_COLLATION_CONNECTION=@@COLLATION_CONNECTION */;
/*!40101 SET NAMES utf8mb4 */;

--
-- Base de datos: `andercode_diplomas`
--

-- --------------------------------------------------------

--
-- Estructura de tabla para la tabla `td_curso_usuario`
--

CREATE TABLE `td_curso_usuario` (
  `curd_id` int(11) NOT NULL,
  `cur_id` int(11) NOT NULL,
  `usu_id` int(11) NOT NULL,
  `fech_crea` datetime NOT NULL,
  `est` int(11) NOT NULL
) ENGINE=InnoDB DEFAULT CHARSET=utf8 COLLATE=utf8_spanish_ci;

--
-- Volcado de datos para la tabla `td_curso_usuario`
--

INSERT INTO `td_curso_usuario` (`curd_id`, `cur_id`, `usu_id`, `fech_crea`, `est`) VALUES
(1, 1, 1, '2021-05-03 20:33:39', 1),
(2, 1, 2, '2021-05-03 20:33:39', 1),
(3, 2, 3, '2021-05-03 20:33:39', 1),
(4, 2, 1, '2021-05-03 20:33:39', 1),
(5, 3, 1, '2021-05-03 20:33:39', 1);

-- --------------------------------------------------------

--
-- Estructura de tabla para la tabla `tm_categoria`
--

CREATE TABLE `tm_categoria` (
  `cat_id` int(11) NOT NULL,
  `cat_nom` varchar(150) COLLATE utf8_spanish_ci NOT NULL,
  `fech_crea` datetime DEFAULT NULL,
  `est` int(11) NOT NULL
) ENGINE=InnoDB DEFAULT CHARSET=utf8 COLLATE=utf8_spanish_ci;

--
-- Volcado de datos para la tabla `tm_categoria`
--

INSERT INTO `tm_categoria` (`cat_id`, `cat_nom`, `fech_crea`, `est`) VALUES
(1, 'PROGRAMACIÓN', '2021-04-26 20:27:52', 1),
(2, 'MARKETING', '2021-04-26 20:27:52', 1),
(3, 'NEGOCIOS', '2021-04-26 20:27:52', 1),
(4, 'EDUCACION', '2021-04-26 20:27:52', 1);

-- --------------------------------------------------------

--
-- Estructura de tabla para la tabla `tm_curso`
--

CREATE TABLE `tm_curso` (
  `cur_id` int(11) NOT NULL,
  `cat_id` int(11) NOT NULL,
  `cur_nom` varchar(150) COLLATE utf8_spanish_ci NOT NULL,
  `cur_descrip` varchar(1000) COLLATE utf8_spanish_ci NOT NULL,
  `cur_fechini` date NOT NULL,
  `cur_fechfin` date NOT NULL,
  `inst_id` int(11) NOT NULL,
  `fech_crea` datetime DEFAULT NULL,
  `est` int(11) NOT NULL
) ENGINE=InnoDB DEFAULT CHARSET=utf8 COLLATE=utf8_spanish_ci;

--
-- Volcado de datos para la tabla `tm_curso`
--

INSERT INTO `tm_curso` (`cur_id`, `cat_id`, `cur_nom`, `cur_descrip`, `cur_fechini`, `cur_fechfin`, `inst_id`, `fech_crea`, `est`) VALUES
(1, 1, 'CURSO DE HTML5', 'Lorem Ipsum is simply dummy text of the printing and typesetting industry. Lorem Ipsum has been the industry\'s standard dummy text ever since the 1500s, when an unknown printer took a galley of type and scrambled it to make a type specimen book. It has survived not only five centuries, but also the leap into electronic typesetting, remaining essentially unchanged. It was popularised in the 1960s with the release of Letraset sheets containing Lorem Ipsum passages, and more recently with desktop publishing software like Aldus PageMaker including versions of Lorem Ipsum.', '2021-04-01', '2021-04-30', 1, '2021-04-26 20:32:32', 1),
(2, 2, 'INTRODUCCION DE LOS NEGOCIOS', 'Lorem Ipsum is simply dummy text of the printing and typesetting industry. Lorem Ipsum has been the industry\'s standard dummy text ever since the 1500s, when an unknown printer took a galley of type and scrambled it to make a type specimen book. It has survived not only five centuries, but also the leap into electronic typesetting, remaining essentially unchanged. It was popularised in the 1960s with the release of Letraset sheets containing Lorem Ipsum passages, and more recently with desktop publishing software like Aldus PageMaker including versions of Lorem Ipsum.', '2021-04-01', '2021-04-30', 2, '2021-04-26 20:32:32', 1),
(3, 2, 'PHP', 'Lorem Ipsum is simply dummy text of the printing and typesetting industry. Lorem Ipsum has been the industry\'s standard dummy text ever since the 1500s, when an unknown printer took a galley of type and scrambled it to make a type specimen book. It has survived not only five centuries, but also the leap into electronic typesetting, remaining essentially unchanged. It was popularised in the 1960s with the release of Letraset sheets containing Lorem Ipsum passages, and more recently with desktop publishing software like Aldus PageMaker including versions of Lorem Ipsum.', '2021-04-01', '2021-04-30', 2, '2021-04-26 20:32:32', 1);

-- --------------------------------------------------------

--
-- Estructura de tabla para la tabla `tm_instructor`
--

CREATE TABLE `tm_instructor` (
  `inst_id` int(11) NOT NULL,
  `inst_nom` varchar(150) COLLATE utf8_spanish_ci NOT NULL,
  `inst_apep` varchar(150) COLLATE utf8_spanish_ci NOT NULL,
  `inst_apem` varchar(150) COLLATE utf8_spanish_ci NOT NULL,
  `inst_correo` varchar(150) COLLATE utf8_spanish_ci NOT NULL,
  `inst_sex` varchar(1) COLLATE utf8_spanish_ci NOT NULL,
  `inst_telf` varchar(12) COLLATE utf8_spanish_ci NOT NULL,
  `fech_crea` datetime DEFAULT NULL,
  `est` int(11) NOT NULL
) ENGINE=InnoDB DEFAULT CHARSET=utf8 COLLATE=utf8_spanish_ci;

--
-- Volcado de datos para la tabla `tm_instructor`
--

INSERT INTO `tm_instructor` (`inst_id`, `inst_nom`, `inst_apep`, `inst_apem`, `inst_correo`, `inst_sex`, `inst_telf`, `fech_crea`, `est`) VALUES
(1, 'RICARDO', 'PALMA', 'PALMA', 'RPALMA@TEST.COM.PE', 'M', '5555555', '2021-04-26 20:24:06', 1),
(2, 'CESAR', 'VALLEJO', 'MEDRANO', 'CVALLEJO@MEDRANO.COM.PE', 'M', '5555555', '2021-04-26 20:24:06', 1);

-- --------------------------------------------------------

--
-- Estructura de tabla para la tabla `tm_usuario`
--

CREATE TABLE `tm_usuario` (
  `usu_id` int(11) NOT NULL,
  `usu_nom` varchar(150) COLLATE utf8_spanish_ci NOT NULL,
  `usu_apep` varchar(150) COLLATE utf8_spanish_ci NOT NULL,
  `usu_apem` varchar(150) COLLATE utf8_spanish_ci NOT NULL,
  `usu_correo` varchar(150) COLLATE utf8_spanish_ci NOT NULL,
  `usu_pass` varchar(10) COLLATE utf8_spanish_ci NOT NULL,
  `usu_sex` varchar(1) COLLATE utf8_spanish_ci NOT NULL,
  `usu_telf` varchar(12) COLLATE utf8_spanish_ci NOT NULL,
  `fech_crea` datetime DEFAULT NULL,
  `est` int(11) NOT NULL
) ENGINE=InnoDB DEFAULT CHARSET=utf8 COLLATE=utf8_spanish_ci;

--
-- Volcado de datos para la tabla `tm_usuario`
--

INSERT INTO `tm_usuario` (`usu_id`, `usu_nom`, `usu_apep`, `usu_apem`, `usu_correo`, `usu_pass`, `usu_sex`, `usu_telf`, `fech_crea`, `est`) VALUES
(1, 'ANDERSON', 'BASTIDAS', 'VICENTE', 'DAVIS_ANDERSON_87@HOTMAIL.COM', '123456', 'M', '989898989', '2021-04-26 20:14:08', 1),
(2, 'DAVIS', 'CASTILLO', 'FUJIMORI', 'FUJICASTI@HOTMAIL.COM', '123456', 'M', '989898989', '2021-04-26 20:14:08', 1),
(3, 'BULMA', 'VEGETA', 'SAYAYIN', 'GOKU@GMAIL.COM', '123456', 'F', '989898989', '2021-04-26 20:14:08', 1);

--
-- Índices para tablas volcadas
--

--
-- Indices de la tabla `td_curso_usuario`
--
ALTER TABLE `td_curso_usuario`
  ADD PRIMARY KEY (`curd_id`);

--
-- Indices de la tabla `tm_categoria`
--
ALTER TABLE `tm_categoria`
  ADD PRIMARY KEY (`cat_id`);

--
-- Indices de la tabla `tm_curso`
--
ALTER TABLE `tm_curso`
  ADD PRIMARY KEY (`cur_id`);

--
-- Indices de la tabla `tm_instructor`
--
ALTER TABLE `tm_instructor`
  ADD PRIMARY KEY (`inst_id`);

--
-- Indices de la tabla `tm_usuario`
--
ALTER TABLE `tm_usuario`
  ADD PRIMARY KEY (`usu_id`);

--
-- AUTO_INCREMENT de las tablas volcadas
--

--
-- AUTO_INCREMENT de la tabla `td_curso_usuario`
--
ALTER TABLE `td_curso_usuario`
  MODIFY `curd_id` int(11) NOT NULL AUTO_INCREMENT, AUTO_INCREMENT=6;

--
-- AUTO_INCREMENT de la tabla `tm_categoria`
--
ALTER TABLE `tm_categoria`
  MODIFY `cat_id` int(11) NOT NULL AUTO_INCREMENT, AUTO_INCREMENT=5;

--
-- AUTO_INCREMENT de la tabla `tm_curso`
--
ALTER TABLE `tm_curso`
  MODIFY `cur_id` int(11) NOT NULL AUTO_INCREMENT, AUTO_INCREMENT=4;

--
-- AUTO_INCREMENT de la tabla `tm_instructor`
--
ALTER TABLE `tm_instructor`
  MODIFY `inst_id` int(11) NOT NULL AUTO_INCREMENT, AUTO_INCREMENT=3;

--
-- AUTO_INCREMENT de la tabla `tm_usuario`
--
ALTER TABLE `tm_usuario`
  MODIFY `usu_id` int(11) NOT NULL AUTO_INCREMENT, AUTO_INCREMENT=4;
COMMIT;

/*!40101 SET CHARACTER_SET_CLIENT=@OLD_CHARACTER_SET_CLIENT */;
/*!40101 SET CHARACTER_SET_RESULTS=@OLD_CHARACTER_SET_RESULTS */;
/*!40101 SET COLLATION_CONNECTION=@OLD_COLLATION_CONNECTION */;
